ID,output
TEST_0000,데이콘
TEST_0001,데이콘
TEST_0002,데이콘
TEST_0003,데이콘
TEST_0004,데이콘
TEST_0005,데이콘
TEST_0006,데이콘
TEST_0007,데이콘
TEST_0008,데이콘
TEST_0009,데이콘
TEST_0010,데이콘
TEST_0011,데이콘
TEST_0012,데이콘
TEST_0013,데이콘
TEST_0014,데이콘
TEST_0015,데이콘
TEST_0016,데이콘
TEST_0017,데이콘
TEST_0018,데이콘
TEST_0019,데이콘
TEST_0020,데이콘
TEST_0021,데이콘
TEST_0022,데이콘
TEST_0023,데이콘
TEST_0024,데이콘
TEST_0025,데이콘
TEST_0026,데이콘
TEST_0027,데이콘
TEST_0028,데이콘
TEST_0029,데이콘
TEST_0030,데이콘
TEST_0031,데이콘
TEST_0032,데이콘
TEST_0033,데이콘
TEST_0034,데이콘
TEST_0035,데이콘
TEST_0036,데이콘
TEST_0037,데이콘
TEST_0038,데이콘
TEST_0039,데이콘
TEST_0040,데이콘
TEST_0041,데이콘
TEST_0042,데이콘
TEST_0043,데이콘
TEST_0044,데이콘
TEST_0045,데이콘
TEST_0046,데이콘
TEST_0047,데이콘
TEST_0048,데이콘
TEST_0049,데이콘
TEST_0050,데이콘
TEST_0051,데이콘
TEST_0052,데이콘
TEST_0053,데이콘
TEST_0054,데이콘
TEST_0055,데이콘
TEST_0056,데이콘
TEST_0057,데이콘
TEST_0058,데이콘
TEST_0059,데이콘
TEST_0060,데이콘
TEST_0061,데이콘
TEST_0062,데이콘
TEST_0063,데이콘
TEST_0064,데이콘
TEST_0065,데이콘
TEST_0066,데이콘
TEST_0067,데이콘
TEST_0068,데이콘
TEST_0069,데이콘
TEST_0070,데이콘
TEST_0071,데이콘
TEST_0072,데이콘
TEST_0073,데이콘
TEST_0074,데이콘
TEST_0075,데이콘
TEST_0076,데이콘
TEST_0077,데이콘
TEST_0078,데이콘
TEST_0079,데이콘
TEST_0080,데이콘
TEST_0081,데이콘
TEST_0082,데이콘
TEST_0083,데이콘
TEST_0084,데이콘
TEST_0085,데이콘
TEST_0086,데이콘
TEST_0087,데이콘
TEST_0088,데이콘
TEST_0089,데이콘
TEST_0090,데이콘
TEST_0091,데이콘
TEST_0092,데이콘
TEST_0093,데이콘
TEST_0094,데이콘
TEST_0095,데이콘
TEST_0096,데이콘
TEST_0097,데이콘
TEST_0098,데이콘
TEST_0099,데이콘
TEST_0100,데이콘
TEST_0101,데이콘
TEST_0102,데이콘
TEST_0103,데이콘
TEST_0104,데이콘
TEST_0105,데이콘
TEST_0106,데이콘
TEST_0107,데이콘
TEST_0108,데이콘
TEST_0109,데이콘
TEST_0110,데이콘
TEST_0111,데이콘
TEST_0112,데이콘
TEST_0113,데이콘
TEST_0114,데이콘
TEST_0115,데이콘
TEST_0116,데이콘
TEST_0117,데이콘
TEST_0118,데이콘
TEST_0119,데이콘
TEST_0120,데이콘
TEST_0121,데이콘
TEST_0122,데이콘
TEST_0123,데이콘
TEST_0124,데이콘
TEST_0125,데이콘
TEST_0126,데이콘
TEST_0127,데이콘
TEST_0128,데이콘
TEST_0129,데이콘
TEST_0130,데이콘
TEST_0131,데이콘
TEST_0132,데이콘
TEST_0133,데이콘
TEST_0134,데이콘
TEST_0135,데이콘
TEST_0136,데이콘
TEST_0137,데이콘
TEST_0138,데이콘
TEST_0139,데이콘
TEST_0140,데이콘
TEST_0141,데이콘
TEST_0142,데이콘
TEST_0143,데이콘
TEST_0144,데이콘
TEST_0145,데이콘
TEST_0146,데이콘
TEST_0147,데이콘
TEST_0148,데이콘
TEST_0149,데이콘
TEST_0150,데이콘
TEST_0151,데이콘
TEST_0152,데이콘
TEST_0153,데이콘
TEST_0154,데이콘
TEST_0155,데이콘
TEST_0156,데이콘
TEST_0157,데이콘
TEST_0158,데이콘
TEST_0159,데이콘
TEST_0160,데이콘
TEST_0161,데이콘
TEST_0162,데이콘
TEST_0163,데이콘
TEST_0164,데이콘
TEST_0165,데이콘
TEST_0166,데이콘
TEST_0167,데이콘
TEST_0168,데이콘
TEST_0169,데이콘
TEST_0170,데이콘
TEST_0171,데이콘
TEST_0172,데이콘
TEST_0173,데이콘
TEST_0174,데이콘
TEST_0175,데이콘
TEST_0176,데이콘
TEST_0177,데이콘
TEST_0178,데이콘
TEST_0179,데이콘
TEST_0180,데이콘
TEST_0181,데이콘
TEST_0182,데이콘
TEST_0183,데이콘
TEST_0184,데이콘
TEST_0185,데이콘
TEST_0186,데이콘
TEST_0187,데이콘
TEST_0188,데이콘
TEST_0189,데이콘
TEST_0190,데이콘
TEST_0191,데이콘
TEST_0192,데이콘
TEST_0193,데이콘
TEST_0194,데이콘
TEST_0195,데이콘
TEST_0196,데이콘
TEST_0197,데이콘
TEST_0198,데이콘
TEST_0199,데이콘
TEST_0200,데이콘
TEST_0201,데이콘
TEST_0202,데이콘
TEST_0203,데이콘
TEST_0204,데이콘
TEST_0205,데이콘
TEST_0206,데이콘
TEST_0207,데이콘
TEST_0208,데이콘
TEST_0209,데이콘
TEST_0210,데이콘
TEST_0211,데이콘
TEST_0212,데이콘
TEST_0213,데이콘
TEST_0214,데이콘
TEST_0215,데이콘
TEST_0216,데이콘
TEST_0217,데이콘
TEST_0218,데이콘
TEST_0219,데이콘
TEST_0220,데이콘
TEST_0221,데이콘
TEST_0222,데이콘
TEST_0223,데이콘
TEST_0224,데이콘
TEST_0225,데이콘
TEST_0226,데이콘
TEST_0227,데이콘
TEST_0228,데이콘
TEST_0229,데이콘
TEST_0230,데이콘
TEST_0231,데이콘
TEST_0232,데이콘
TEST_0233,데이콘
TEST_0234,데이콘
TEST_0235,데이콘
TEST_0236,데이콘
TEST_0237,데이콘
TEST_0238,데이콘
TEST_0239,데이콘
TEST_0240,데이콘
TEST_0241,데이콘
TEST_0242,데이콘
TEST_0243,데이콘
TEST_0244,데이콘
TEST_0245,데이콘
TEST_0246,데이콘
TEST_0247,데이콘
TEST_0248,데이콘
TEST_0249,데이콘
TEST_0250,데이콘
TEST_0251,데이콘
TEST_0252,데이콘
TEST_0253,데이콘
TEST_0254,데이콘
TEST_0255,데이콘
TEST_0256,데이콘
TEST_0257,데이콘
TEST_0258,데이콘
TEST_0259,데이콘
TEST_0260,데이콘
TEST_0261,데이콘
TEST_0262,데이콘
TEST_0263,데이콘
TEST_0264,데이콘
TEST_0265,데이콘
TEST_0266,데이콘
TEST_0267,데이콘
TEST_0268,데이콘
TEST_0269,데이콘
TEST_0270,데이콘
TEST_0271,데이콘
TEST_0272,데이콘
TEST_0273,데이콘
TEST_0274,데이콘
TEST_0275,데이콘
TEST_0276,데이콘
TEST_0277,데이콘
TEST_0278,데이콘
TEST_0279,데이콘
TEST_0280,데이콘
TEST_0281,데이콘
TEST_0282,데이콘
TEST_0283,데이콘
TEST_0284,데이콘
TEST_0285,데이콘
TEST_0286,데이콘
TEST_0287,데이콘
TEST_0288,데이콘
TEST_0289,데이콘
TEST_0290,데이콘
TEST_0291,데이콘
TEST_0292,데이콘
TEST_0293,데이콘
TEST_0294,데이콘
TEST_0295,데이콘
TEST_0296,데이콘
TEST_0297,데이콘
TEST_0298,데이콘
TEST_0299,데이콘
TEST_0300,데이콘
TEST_0301,데이콘
TEST_0302,데이콘
TEST_0303,데이콘
TEST_0304,데이콘
TEST_0305,데이콘
TEST_0306,데이콘
TEST_0307,데이콘
TEST_0308,데이콘
TEST_0309,데이콘
TEST_0310,데이콘
TEST_0311,데이콘
TEST_0312,데이콘
TEST_0313,데이콘
TEST_0314,데이콘
TEST_0315,데이콘
TEST_0316,데이콘
TEST_0317,데이콘
TEST_0318,데이콘
TEST_0319,데이콘
TEST_0320,데이콘
TEST_0321,데이콘
TEST_0322,데이콘
TEST_0323,데이콘
TEST_0324,데이콘
TEST_0325,데이콘
TEST_0326,데이콘
TEST_0327,데이콘
TEST_0328,데이콘
TEST_0329,데이콘
TEST_0330,데이콘
TEST_0331,데이콘
TEST_0332,데이콘
TEST_0333,데이콘
TEST_0334,데이콘
TEST_0335,데이콘
TEST_0336,데이콘
TEST_0337,데이콘
TEST_0338,데이콘
TEST_0339,데이콘
TEST_0340,데이콘
TEST_0341,데이콘
TEST_0342,데이콘
TEST_0343,데이콘
TEST_0344,데이콘
TEST_0345,데이콘
TEST_0346,데이콘
TEST_0347,데이콘
TEST_0348,데이콘
TEST_0349,데이콘
TEST_0350,데이콘
TEST_0351,데이콘
TEST_0352,데이콘
TEST_0353,데이콘
TEST_0354,데이콘
TEST_0355,데이콘
TEST_0356,데이콘
TEST_0357,데이콘
TEST_0358,데이콘
TEST_0359,데이콘
TEST_0360,데이콘
TEST_0361,데이콘
TEST_0362,데이콘
TEST_0363,데이콘
TEST_0364,데이콘
TEST_0365,데이콘
TEST_0366,데이콘
TEST_0367,데이콘
TEST_0368,데이콘
TEST_0369,데이콘
TEST_0370,데이콘
TEST_0371,데이콘
TEST_0372,데이콘
TEST_0373,데이콘
TEST_0374,데이콘
TEST_0375,데이콘
TEST_0376,데이콘
TEST_0377,데이콘
TEST_0378,데이콘
TEST_0379,데이콘
TEST_0380,데이콘
TEST_0381,데이콘
TEST_0382,데이콘
TEST_0383,데이콘
TEST_0384,데이콘
TEST_0385,데이콘
TEST_0386,데이콘
TEST_0387,데이콘
TEST_0388,데이콘
TEST_0389,데이콘
TEST_0390,데이콘
TEST_0391,데이콘
TEST_0392,데이콘
TEST_0393,데이콘
TEST_0394,데이콘
TEST_0395,데이콘
TEST_0396,데이콘
TEST_0397,데이콘
TEST_0398,데이콘
TEST_0399,데이콘
TEST_0400,데이콘
TEST_0401,데이콘
TEST_0402,데이콘
TEST_0403,데이콘
TEST_0404,데이콘
TEST_0405,데이콘
TEST_0406,데이콘
TEST_0407,데이콘
TEST_0408,데이콘
TEST_0409,데이콘
TEST_0410,데이콘
TEST_0411,데이콘
TEST_0412,데이콘
TEST_0413,데이콘
TEST_0414,데이콘
TEST_0415,데이콘
TEST_0416,데이콘
TEST_0417,데이콘
TEST_0418,데이콘
TEST_0419,데이콘
TEST_0420,데이콘
TEST_0421,데이콘
TEST_0422,데이콘
TEST_0423,데이콘
TEST_0424,데이콘
TEST_0425,데이콘
TEST_0426,데이콘
TEST_0427,데이콘
TEST_0428,데이콘
TEST_0429,데이콘
TEST_0430,데이콘
TEST_0431,데이콘
TEST_0432,데이콘
TEST_0433,데이콘
TEST_0434,데이콘
TEST_0435,데이콘
TEST_0436,데이콘
TEST_0437,데이콘
TEST_0438,데이콘
TEST_0439,데이콘
TEST_0440,데이콘
TEST_0441,데이콘
TEST_0442,데이콘
TEST_0443,데이콘
TEST_0444,데이콘
TEST_0445,데이콘
TEST_0446,데이콘
TEST_0447,데이콘
TEST_0448,데이콘
TEST_0449,데이콘
TEST_0450,데이콘
TEST_0451,데이콘
TEST_0452,데이콘
TEST_0453,데이콘
TEST_0454,데이콘
TEST_0455,데이콘
TEST_0456,데이콘
TEST_0457,데이콘
TEST_0458,데이콘
TEST_0459,데이콘
TEST_0460,데이콘
TEST_0461,데이콘
TEST_0462,데이콘
TEST_0463,데이콘
TEST_0464,데이콘
TEST_0465,데이콘
TEST_0466,데이콘
TEST_0467,데이콘
TEST_0468,데이콘
TEST_0469,데이콘
TEST_0470,데이콘
TEST_0471,데이콘
TEST_0472,데이콘
TEST_0473,데이콘
TEST_0474,데이콘
TEST_0475,데이콘
TEST_0476,데이콘
TEST_0477,데이콘
TEST_0478,데이콘
TEST_0479,데이콘
TEST_0480,데이콘
TEST_0481,데이콘
TEST_0482,데이콘
TEST_0483,데이콘
TEST_0484,데이콘
TEST_0485,데이콘
TEST_0486,데이콘
TEST_0487,데이콘
TEST_0488,데이콘
TEST_0489,데이콘
TEST_0490,데이콘
TEST_0491,데이콘
TEST_0492,데이콘
TEST_0493,데이콘
TEST_0494,데이콘
TEST_0495,데이콘
TEST_0496,데이콘
TEST_0497,데이콘
TEST_0498,데이콘
TEST_0499,데이콘
TEST_0500,데이콘
TEST_0501,데이콘
TEST_0502,데이콘
TEST_0503,데이콘
TEST_0504,데이콘
TEST_0505,데이콘
TEST_0506,데이콘
TEST_0507,데이콘
TEST_0508,데이콘
TEST_0509,데이콘
TEST_0510,데이콘
TEST_0511,데이콘
TEST_0512,데이콘
TEST_0513,데이콘
TEST_0514,데이콘
TEST_0515,데이콘
TEST_0516,데이콘
TEST_0517,데이콘
TEST_0518,데이콘
TEST_0519,데이콘
TEST_0520,데이콘
TEST_0521,데이콘
TEST_0522,데이콘
TEST_0523,데이콘
TEST_0524,데이콘
TEST_0525,데이콘
TEST_0526,데이콘
TEST_0527,데이콘
TEST_0528,데이콘
TEST_0529,데이콘
TEST_0530,데이콘
TEST_0531,데이콘
TEST_0532,데이콘
TEST_0533,데이콘
TEST_0534,데이콘
TEST_0535,데이콘
TEST_0536,데이콘
TEST_0537,데이콘
TEST_0538,데이콘
TEST_0539,데이콘
TEST_0540,데이콘
TEST_0541,데이콘
TEST_0542,데이콘
TEST_0543,데이콘
TEST_0544,데이콘
TEST_0545,데이콘
TEST_0546,데이콘
TEST_0547,데이콘
TEST_0548,데이콘
TEST_0549,데이콘
TEST_0550,데이콘
TEST_0551,데이콘
TEST_0552,데이콘
TEST_0553,데이콘
TEST_0554,데이콘
TEST_0555,데이콘
TEST_0556,데이콘
TEST_0557,데이콘
TEST_0558,데이콘
TEST_0559,데이콘
TEST_0560,데이콘
TEST_0561,데이콘
TEST_0562,데이콘
TEST_0563,데이콘
TEST_0564,데이콘
TEST_0565,데이콘
TEST_0566,데이콘
TEST_0567,데이콘
TEST_0568,데이콘
TEST_0569,데이콘
TEST_0570,데이콘
TEST_0571,데이콘
TEST_0572,데이콘
TEST_0573,데이콘
TEST_0574,데이콘
TEST_0575,데이콘
TEST_0576,데이콘
TEST_0577,데이콘
TEST_0578,데이콘
TEST_0579,데이콘
TEST_0580,데이콘
TEST_0581,데이콘
TEST_0582,데이콘
TEST_0583,데이콘
TEST_0584,데이콘
TEST_0585,데이콘
TEST_0586,데이콘
TEST_0587,데이콘
TEST_0588,데이콘
TEST_0589,데이콘
TEST_0590,데이콘
TEST_0591,데이콘
TEST_0592,데이콘
TEST_0593,데이콘
TEST_0594,데이콘
TEST_0595,데이콘
TEST_0596,데이콘
TEST_0597,데이콘
TEST_0598,데이콘
TEST_0599,데이콘
TEST_0600,데이콘
TEST_0601,데이콘
TEST_0602,데이콘
TEST_0603,데이콘
TEST_0604,데이콘
TEST_0605,데이콘
TEST_0606,데이콘
TEST_0607,데이콘
TEST_0608,데이콘
TEST_0609,데이콘
TEST_0610,데이콘
TEST_0611,데이콘
TEST_0612,데이콘
TEST_0613,데이콘
TEST_0614,데이콘
TEST_0615,데이콘
TEST_0616,데이콘
TEST_0617,데이콘
TEST_0618,데이콘
TEST_0619,데이콘
TEST_0620,데이콘
TEST_0621,데이콘
TEST_0622,데이콘
TEST_0623,데이콘
TEST_0624,데이콘
TEST_0625,데이콘
TEST_0626,데이콘
TEST_0627,데이콘
TEST_0628,데이콘
TEST_0629,데이콘
TEST_0630,데이콘
TEST_0631,데이콘
TEST_0632,데이콘
TEST_0633,데이콘
TEST_0634,데이콘
TEST_0635,데이콘
TEST_0636,데이콘
TEST_0637,데이콘
TEST_0638,데이콘
TEST_0639,데이콘
TEST_0640,데이콘
TEST_0641,데이콘
TEST_0642,데이콘
TEST_0643,데이콘
TEST_0644,데이콘
TEST_0645,데이콘
TEST_0646,데이콘
TEST_0647,데이콘
TEST_0648,데이콘
TEST_0649,데이콘
TEST_0650,데이콘
TEST_0651,데이콘
TEST_0652,데이콘
TEST_0653,데이콘
TEST_0654,데이콘
TEST_0655,데이콘
TEST_0656,데이콘
TEST_0657,데이콘
TEST_0658,데이콘
TEST_0659,데이콘
TEST_0660,데이콘
TEST_0661,데이콘
TEST_0662,데이콘
TEST_0663,데이콘
TEST_0664,데이콘
TEST_0665,데이콘
TEST_0666,데이콘
TEST_0667,데이콘
TEST_0668,데이콘
TEST_0669,데이콘
TEST_0670,데이콘
TEST_0671,데이콘
TEST_0672,데이콘
TEST_0673,데이콘
TEST_0674,데이콘
TEST_0675,데이콘
TEST_0676,데이콘
TEST_0677,데이콘
TEST_0678,데이콘
TEST_0679,데이콘
TEST_0680,데이콘
TEST_0681,데이콘
TEST_0682,데이콘
TEST_0683,데이콘
TEST_0684,데이콘
TEST_0685,데이콘
TEST_0686,데이콘
TEST_0687,데이콘
TEST_0688,데이콘
TEST_0689,데이콘
TEST_0690,데이콘
TEST_0691,데이콘
TEST_0692,데이콘
TEST_0693,데이콘
TEST_0694,데이콘
TEST_0695,데이콘
TEST_0696,데이콘
TEST_0697,데이콘
TEST_0698,데이콘
TEST_0699,데이콘
TEST_0700,데이콘
TEST_0701,데이콘
TEST_0702,데이콘
TEST_0703,데이콘
TEST_0704,데이콘
TEST_0705,데이콘
TEST_0706,데이콘
TEST_0707,데이콘
TEST_0708,데이콘
TEST_0709,데이콘
TEST_0710,데이콘
TEST_0711,데이콘
TEST_0712,데이콘
TEST_0713,데이콘
TEST_0714,데이콘
TEST_0715,데이콘
TEST_0716,데이콘
TEST_0717,데이콘
TEST_0718,데이콘
TEST_0719,데이콘
TEST_0720,데이콘
TEST_0721,데이콘
TEST_0722,데이콘
TEST_0723,데이콘
TEST_0724,데이콘
TEST_0725,데이콘
TEST_0726,데이콘
TEST_0727,데이콘
TEST_0728,데이콘
TEST_0729,데이콘
TEST_0730,데이콘
TEST_0731,데이콘
TEST_0732,데이콘
TEST_0733,데이콘
TEST_0734,데이콘
TEST_0735,데이콘
TEST_0736,데이콘
TEST_0737,데이콘
TEST_0738,데이콘
TEST_0739,데이콘
TEST_0740,데이콘
TEST_0741,데이콘
TEST_0742,데이콘
TEST_0743,데이콘
TEST_0744,데이콘
TEST_0745,데이콘
TEST_0746,데이콘
TEST_0747,데이콘
TEST_0748,데이콘
TEST_0749,데이콘
TEST_0750,데이콘
TEST_0751,데이콘
TEST_0752,데이콘
TEST_0753,데이콘
TEST_0754,데이콘
TEST_0755,데이콘
TEST_0756,데이콘
TEST_0757,데이콘
TEST_0758,데이콘
TEST_0759,데이콘
TEST_0760,데이콘
TEST_0761,데이콘
TEST_0762,데이콘
TEST_0763,데이콘
TEST_0764,데이콘
TEST_0765,데이콘
TEST_0766,데이콘
TEST_0767,데이콘
TEST_0768,데이콘
TEST_0769,데이콘
TEST_0770,데이콘
TEST_0771,데이콘
TEST_0772,데이콘
TEST_0773,데이콘
TEST_0774,데이콘
TEST_0775,데이콘
TEST_0776,데이콘
TEST_0777,데이콘
TEST_0778,데이콘
TEST_0779,데이콘
TEST_0780,데이콘
TEST_0781,데이콘
TEST_0782,데이콘
TEST_0783,데이콘
TEST_0784,데이콘
TEST_0785,데이콘
TEST_0786,데이콘
TEST_0787,데이콘
TEST_0788,데이콘
TEST_0789,데이콘
TEST_0790,데이콘
TEST_0791,데이콘
TEST_0792,데이콘
TEST_0793,데이콘
TEST_0794,데이콘
TEST_0795,데이콘
TEST_0796,데이콘
TEST_0797,데이콘
TEST_0798,데이콘
TEST_0799,데이콘
TEST_0800,데이콘
TEST_0801,데이콘
TEST_0802,데이콘
TEST_0803,데이콘
TEST_0804,데이콘
TEST_0805,데이콘
TEST_0806,데이콘
TEST_0807,데이콘
TEST_0808,데이콘
TEST_0809,데이콘
TEST_0810,데이콘
TEST_0811,데이콘
TEST_0812,데이콘
TEST_0813,데이콘
TEST_0814,데이콘
TEST_0815,데이콘
TEST_0816,데이콘
TEST_0817,데이콘
TEST_0818,데이콘
TEST_0819,데이콘
TEST_0820,데이콘
TEST_0821,데이콘
TEST_0822,데이콘
TEST_0823,데이콘
TEST_0824,데이콘
TEST_0825,데이콘
TEST_0826,데이콘
TEST_0827,데이콘
TEST_0828,데이콘
TEST_0829,데이콘
TEST_0830,데이콘
TEST_0831,데이콘
TEST_0832,데이콘
TEST_0833,데이콘
TEST_0834,데이콘
TEST_0835,데이콘
TEST_0836,데이콘
TEST_0837,데이콘
TEST_0838,데이콘
TEST_0839,데이콘
TEST_0840,데이콘
TEST_0841,데이콘
TEST_0842,데이콘
TEST_0843,데이콘
TEST_0844,데이콘
TEST_0845,데이콘
TEST_0846,데이콘
TEST_0847,데이콘
TEST_0848,데이콘
TEST_0849,데이콘
TEST_0850,데이콘
TEST_0851,데이콘
TEST_0852,데이콘
TEST_0853,데이콘
TEST_0854,데이콘
TEST_0855,데이콘
TEST_0856,데이콘
TEST_0857,데이콘
TEST_0858,데이콘
TEST_0859,데이콘
TEST_0860,데이콘
TEST_0861,데이콘
TEST_0862,데이콘
TEST_0863,데이콘
TEST_0864,데이콘
TEST_0865,데이콘
TEST_0866,데이콘
TEST_0867,데이콘
TEST_0868,데이콘
TEST_0869,데이콘
TEST_0870,데이콘
TEST_0871,데이콘
TEST_0872,데이콘
TEST_0873,데이콘
TEST_0874,데이콘
TEST_0875,데이콘
TEST_0876,데이콘
TEST_0877,데이콘
TEST_0878,데이콘
TEST_0879,데이콘
TEST_0880,데이콘
TEST_0881,데이콘
TEST_0882,데이콘
TEST_0883,데이콘
TEST_0884,데이콘
TEST_0885,데이콘
TEST_0886,데이콘
TEST_0887,데이콘
TEST_0888,데이콘
TEST_0889,데이콘
TEST_0890,데이콘
TEST_0891,데이콘
TEST_0892,데이콘
TEST_0893,데이콘
TEST_0894,데이콘
TEST_0895,데이콘
TEST_0896,데이콘
TEST_0897,데이콘
TEST_0898,데이콘
TEST_0899,데이콘
TEST_0900,데이콘
TEST_0901,데이콘
TEST_0902,데이콘
TEST_0903,데이콘
TEST_0904,데이콘
TEST_0905,데이콘
TEST_0906,데이콘
TEST_0907,데이콘
TEST_0908,데이콘
TEST_0909,데이콘
TEST_0910,데이콘
TEST_0911,데이콘
TEST_0912,데이콘
TEST_0913,데이콘
TEST_0914,데이콘
TEST_0915,데이콘
TEST_0916,데이콘
TEST_0917,데이콘
TEST_0918,데이콘
TEST_0919,데이콘
TEST_0920,데이콘
TEST_0921,데이콘
TEST_0922,데이콘
TEST_0923,데이콘
TEST_0924,데이콘
TEST_0925,데이콘
TEST_0926,데이콘
TEST_0927,데이콘
TEST_0928,데이콘
TEST_0929,데이콘
TEST_0930,데이콘
TEST_0931,데이콘
TEST_0932,데이콘
TEST_0933,데이콘
TEST_0934,데이콘
TEST_0935,데이콘
TEST_0936,데이콘
TEST_0937,데이콘
TEST_0938,데이콘
TEST_0939,데이콘
TEST_0940,데이콘
TEST_0941,데이콘
TEST_0942,데이콘
TEST_0943,데이콘
TEST_0944,데이콘
TEST_0945,데이콘
TEST_0946,데이콘
TEST_0947,데이콘
TEST_0948,데이콘
TEST_0949,데이콘
TEST_0950,데이콘
TEST_0951,데이콘
TEST_0952,데이콘
TEST_0953,데이콘
TEST_0954,데이콘
TEST_0955,데이콘
TEST_0956,데이콘
TEST_0957,데이콘
TEST_0958,데이콘
TEST_0959,데이콘
TEST_0960,데이콘
TEST_0961,데이콘
TEST_0962,데이콘
TEST_0963,데이콘
TEST_0964,데이콘
TEST_0965,데이콘
TEST_0966,데이콘
TEST_0967,데이콘
TEST_0968,데이콘
TEST_0969,데이콘
TEST_0970,데이콘
TEST_0971,데이콘
TEST_0972,데이콘
TEST_0973,데이콘
TEST_0974,데이콘
TEST_0975,데이콘
TEST_0976,데이콘
TEST_0977,데이콘
TEST_0978,데이콘
TEST_0979,데이콘
TEST_0980,데이콘
TEST_0981,데이콘
TEST_0982,데이콘
TEST_0983,데이콘
TEST_0984,데이콘
TEST_0985,데이콘
TEST_0986,데이콘
TEST_0987,데이콘
TEST_0988,데이콘
TEST_0989,데이콘
TEST_0990,데이콘
TEST_0991,데이콘
TEST_0992,데이콘
TEST_0993,데이콘
TEST_0994,데이콘
TEST_0995,데이콘
TEST_0996,데이콘
TEST_0997,데이콘
TEST_0998,데이콘
TEST_0999,데이콘
TEST_1000,데이콘
TEST_1001,데이콘
TEST_1002,데이콘
TEST_1003,데이콘
TEST_1004,데이콘
TEST_1005,데이콘
TEST_1006,데이콘
TEST_1007,데이콘
TEST_1008,데이콘
TEST_1009,데이콘
TEST_1010,데이콘
TEST_1011,데이콘
TEST_1012,데이콘
TEST_1013,데이콘
TEST_1014,데이콘
TEST_1015,데이콘
TEST_1016,데이콘
TEST_1017,데이콘
TEST_1018,데이콘
TEST_1019,데이콘
TEST_1020,데이콘
TEST_1021,데이콘
TEST_1022,데이콘
TEST_1023,데이콘
TEST_1024,데이콘
TEST_1025,데이콘
TEST_1026,데이콘
TEST_1027,데이콘
TEST_1028,데이콘
TEST_1029,데이콘
TEST_1030,데이콘
TEST_1031,데이콘
TEST_1032,데이콘
TEST_1033,데이콘
TEST_1034,데이콘
TEST_1035,데이콘
TEST_1036,데이콘
TEST_1037,데이콘
TEST_1038,데이콘
TEST_1039,데이콘
TEST_1040,데이콘
TEST_1041,데이콘
TEST_1042,데이콘
TEST_1043,데이콘
TEST_1044,데이콘
TEST_1045,데이콘
TEST_1046,데이콘
TEST_1047,데이콘
TEST_1048,데이콘
TEST_1049,데이콘
TEST_1050,데이콘
TEST_1051,데이콘
TEST_1052,데이콘
TEST_1053,데이콘
TEST_1054,데이콘
TEST_1055,데이콘
TEST_1056,데이콘
TEST_1057,데이콘
TEST_1058,데이콘
TEST_1059,데이콘
TEST_1060,데이콘
TEST_1061,데이콘
TEST_1062,데이콘
TEST_1063,데이콘
TEST_1064,데이콘
TEST_1065,데이콘
TEST_1066,데이콘
TEST_1067,데이콘
TEST_1068,데이콘
TEST_1069,데이콘
TEST_1070,데이콘
TEST_1071,데이콘
TEST_1072,데이콘
TEST_1073,데이콘
TEST_1074,데이콘
TEST_1075,데이콘
TEST_1076,데이콘
TEST_1077,데이콘
TEST_1078,데이콘
TEST_1079,데이콘
TEST_1080,데이콘
TEST_1081,데이콘
TEST_1082,데이콘
TEST_1083,데이콘
TEST_1084,데이콘
TEST_1085,데이콘
TEST_1086,데이콘
TEST_1087,데이콘
TEST_1088,데이콘
TEST_1089,데이콘
TEST_1090,데이콘
TEST_1091,데이콘
TEST_1092,데이콘
TEST_1093,데이콘
TEST_1094,데이콘
TEST_1095,데이콘
TEST_1096,데이콘
TEST_1097,데이콘
TEST_1098,데이콘
TEST_1099,데이콘
TEST_1100,데이콘
TEST_1101,데이콘
TEST_1102,데이콘
TEST_1103,데이콘
TEST_1104,데이콘
TEST_1105,데이콘
TEST_1106,데이콘
TEST_1107,데이콘
TEST_1108,데이콘
TEST_1109,데이콘
TEST_1110,데이콘
TEST_1111,데이콘
TEST_1112,데이콘
TEST_1113,데이콘
TEST_1114,데이콘
TEST_1115,데이콘
TEST_1116,데이콘
TEST_1117,데이콘
TEST_1118,데이콘
TEST_1119,데이콘
TEST_1120,데이콘
TEST_1121,데이콘
TEST_1122,데이콘
TEST_1123,데이콘
TEST_1124,데이콘
TEST_1125,데이콘
TEST_1126,데이콘
TEST_1127,데이콘
TEST_1128,데이콘
TEST_1129,데이콘
TEST_1130,데이콘
TEST_1131,데이콘
TEST_1132,데이콘
TEST_1133,데이콘
TEST_1134,데이콘
TEST_1135,데이콘
TEST_1136,데이콘
TEST_1137,데이콘
TEST_1138,데이콘
TEST_1139,데이콘
TEST_1140,데이콘
TEST_1141,데이콘
TEST_1142,데이콘
TEST_1143,데이콘
TEST_1144,데이콘
TEST_1145,데이콘
TEST_1146,데이콘
TEST_1147,데이콘
TEST_1148,데이콘
TEST_1149,데이콘
TEST_1150,데이콘
TEST_1151,데이콘
TEST_1152,데이콘
TEST_1153,데이콘
TEST_1154,데이콘
TEST_1155,데이콘
TEST_1156,데이콘
TEST_1157,데이콘
TEST_1158,데이콘
TEST_1159,데이콘
TEST_1160,데이콘
TEST_1161,데이콘
TEST_1162,데이콘
TEST_1163,데이콘
TEST_1164,데이콘
TEST_1165,데이콘
TEST_1166,데이콘
TEST_1167,데이콘
TEST_1168,데이콘
TEST_1169,데이콘
TEST_1170,데이콘
TEST_1171,데이콘
TEST_1172,데이콘
TEST_1173,데이콘
TEST_1174,데이콘
TEST_1175,데이콘
TEST_1176,데이콘
TEST_1177,데이콘
TEST_1178,데이콘
TEST_1179,데이콘
TEST_1180,데이콘
TEST_1181,데이콘
TEST_1182,데이콘
TEST_1183,데이콘
TEST_1184,데이콘
TEST_1185,데이콘
TEST_1186,데이콘
TEST_1187,데이콘
TEST_1188,데이콘
TEST_1189,데이콘
TEST_1190,데이콘
TEST_1191,데이콘
TEST_1192,데이콘
TEST_1193,데이콘
TEST_1194,데이콘
TEST_1195,데이콘
TEST_1196,데이콘
TEST_1197,데이콘
TEST_1198,데이콘
TEST_1199,데이콘
TEST_1200,데이콘
TEST_1201,데이콘
TEST_1202,데이콘
TEST_1203,데이콘
TEST_1204,데이콘
TEST_1205,데이콘
TEST_1206,데이콘
TEST_1207,데이콘
TEST_1208,데이콘
TEST_1209,데이콘
TEST_1210,데이콘
TEST_1211,데이콘
TEST_1212,데이콘
TEST_1213,데이콘
TEST_1214,데이콘
TEST_1215,데이콘
TEST_1216,데이콘
TEST_1217,데이콘
TEST_1218,데이콘
TEST_1219,데이콘
TEST_1220,데이콘
TEST_1221,데이콘
TEST_1222,데이콘
TEST_1223,데이콘
TEST_1224,데이콘
TEST_1225,데이콘
TEST_1226,데이콘
TEST_1227,데이콘
TEST_1228,데이콘
TEST_1229,데이콘
TEST_1230,데이콘
TEST_1231,데이콘
TEST_1232,데이콘
TEST_1233,데이콘
TEST_1234,데이콘
TEST_1235,데이콘
TEST_1236,데이콘
TEST_1237,데이콘
TEST_1238,데이콘
TEST_1239,데이콘
TEST_1240,데이콘
TEST_1241,데이콘
TEST_1242,데이콘
TEST_1243,데이콘
TEST_1244,데이콘
TEST_1245,데이콘
TEST_1246,데이콘
TEST_1247,데이콘
TEST_1248,데이콘
TEST_1249,데이콘
TEST_1250,데이콘
TEST_1251,데이콘
TEST_1252,데이콘
TEST_1253,데이콘
TEST_1254,데이콘
TEST_1255,데이콘
TEST_1256,데이콘
TEST_1257,데이콘
TEST_1258,데이콘
TEST_1259,데이콘
TEST_1260,데이콘
TEST_1261,데이콘
TEST_1262,데이콘
TEST_1263,데이콘
TEST_1264,데이콘
TEST_1265,데이콘
TEST_1266,데이콘
TEST_1267,데이콘
TEST_1268,데이콘
TEST_1269,데이콘
TEST_1270,데이콘
TEST_1271,데이콘
TEST_1272,데이콘
TEST_1273,데이콘
TEST_1274,데이콘
TEST_1275,데이콘
TEST_1276,데이콘
TEST_1277,데이콘
TEST_1278,데이콘
TEST_1279,데이콘
TEST_1280,데이콘
TEST_1281,데이콘
TEST_1282,데이콘
TEST_1283,데이콘
TEST_1284,데이콘
TEST_1285,데이콘
TEST_1286,데이콘
TEST_1287,데이콘
TEST_1288,데이콘
TEST_1289,데이콘
TEST_1290,데이콘
TEST_1291,데이콘
TEST_1292,데이콘
TEST_1293,데이콘
TEST_1294,데이콘
TEST_1295,데이콘
TEST_1296,데이콘
TEST_1297,데이콘
TEST_1298,데이콘
TEST_1299,데이콘
TEST_1300,데이콘
TEST_1301,데이콘
TEST_1302,데이콘
TEST_1303,데이콘
TEST_1304,데이콘
TEST_1305,데이콘
TEST_1306,데이콘
TEST_1307,데이콘
TEST_1308,데이콘
TEST_1309,데이콘
TEST_1310,데이콘
TEST_1311,데이콘
TEST_1312,데이콘
TEST_1313,데이콘
TEST_1314,데이콘
TEST_1315,데이콘
TEST_1316,데이콘
TEST_1317,데이콘
TEST_1318,데이콘
TEST_1319,데이콘
TEST_1320,데이콘
TEST_1321,데이콘
TEST_1322,데이콘
TEST_1323,데이콘
TEST_1324,데이콘
TEST_1325,데이콘
TEST_1326,데이콘
TEST_1327,데이콘
TEST_1328,데이콘
TEST_1329,데이콘
TEST_1330,데이콘
TEST_1331,데이콘
TEST_1332,데이콘
TEST_1333,데이콘
TEST_1334,데이콘
TEST_1335,데이콘
TEST_1336,데이콘
TEST_1337,데이콘
TEST_1338,데이콘
TEST_1339,데이콘
TEST_1340,데이콘
TEST_1341,데이콘
TEST_1342,데이콘
TEST_1343,데이콘
TEST_1344,데이콘
TEST_1345,데이콘
TEST_1346,데이콘
TEST_1347,데이콘
TEST_1348,데이콘
TEST_1349,데이콘
TEST_1350,데이콘
TEST_1351,데이콘
TEST_1352,데이콘
TEST_1353,데이콘
TEST_1354,데이콘
TEST_1355,데이콘
TEST_1356,데이콘
TEST_1357,데이콘
TEST_1358,데이콘
TEST_1359,데이콘
TEST_1360,데이콘
TEST_1361,데이콘
TEST_1362,데이콘
TEST_1363,데이콘
TEST_1364,데이콘
TEST_1365,데이콘
TEST_1366,데이콘
TEST_1367,데이콘
TEST_1368,데이콘
TEST_1369,데이콘
TEST_1370,데이콘
TEST_1371,데이콘
TEST_1372,데이콘
TEST_1373,데이콘
TEST_1374,데이콘
TEST_1375,데이콘
TEST_1376,데이콘
TEST_1377,데이콘
TEST_1378,데이콘
TEST_1379,데이콘
TEST_1380,데이콘
TEST_1381,데이콘
TEST_1382,데이콘
TEST_1383,데이콘
TEST_1384,데이콘
TEST_1385,데이콘
TEST_1386,데이콘
TEST_1387,데이콘
TEST_1388,데이콘
TEST_1389,데이콘
TEST_1390,데이콘
TEST_1391,데이콘
TEST_1392,데이콘
TEST_1393,데이콘
TEST_1394,데이콘
TEST_1395,데이콘
TEST_1396,데이콘
TEST_1397,데이콘
TEST_1398,데이콘
TEST_1399,데이콘
TEST_1400,데이콘
TEST_1401,데이콘
TEST_1402,데이콘
TEST_1403,데이콘
TEST_1404,데이콘
TEST_1405,데이콘
TEST_1406,데이콘
TEST_1407,데이콘
TEST_1408,데이콘
TEST_1409,데이콘
TEST_1410,데이콘
TEST_1411,데이콘
TEST_1412,데이콘
TEST_1413,데이콘
TEST_1414,데이콘
TEST_1415,데이콘
TEST_1416,데이콘
TEST_1417,데이콘
TEST_1418,데이콘
TEST_1419,데이콘
TEST_1420,데이콘
TEST_1421,데이콘
TEST_1422,데이콘
TEST_1423,데이콘
TEST_1424,데이콘
TEST_1425,데이콘
TEST_1426,데이콘
TEST_1427,데이콘
TEST_1428,데이콘
TEST_1429,데이콘
TEST_1430,데이콘
TEST_1431,데이콘
TEST_1432,데이콘
TEST_1433,데이콘
TEST_1434,데이콘
TEST_1435,데이콘
TEST_1436,데이콘
TEST_1437,데이콘
TEST_1438,데이콘
TEST_1439,데이콘
TEST_1440,데이콘
TEST_1441,데이콘
TEST_1442,데이콘
TEST_1443,데이콘
TEST_1444,데이콘
TEST_1445,데이콘
TEST_1446,데이콘
TEST_1447,데이콘
TEST_1448,데이콘
TEST_1449,데이콘
TEST_1450,데이콘
TEST_1451,데이콘
TEST_1452,데이콘
TEST_1453,데이콘
TEST_1454,데이콘
TEST_1455,데이콘
TEST_1456,데이콘
TEST_1457,데이콘
TEST_1458,데이콘
TEST_1459,데이콘
TEST_1460,데이콘
TEST_1461,데이콘
TEST_1462,데이콘
TEST_1463,데이콘
TEST_1464,데이콘
TEST_1465,데이콘
TEST_1466,데이콘
TEST_1467,데이콘
TEST_1468,데이콘
TEST_1469,데이콘
TEST_1470,데이콘
TEST_1471,데이콘
TEST_1472,데이콘
TEST_1473,데이콘
TEST_1474,데이콘
TEST_1475,데이콘
TEST_1476,데이콘
TEST_1477,데이콘
TEST_1478,데이콘
TEST_1479,데이콘
TEST_1480,데이콘
TEST_1481,데이콘
TEST_1482,데이콘
TEST_1483,데이콘
TEST_1484,데이콘
TEST_1485,데이콘
TEST_1486,데이콘
TEST_1487,데이콘
TEST_1488,데이콘
TEST_1489,데이콘
TEST_1490,데이콘
TEST_1491,데이콘
TEST_1492,데이콘
TEST_1493,데이콘
TEST_1494,데이콘
TEST_1495,데이콘
TEST_1496,데이콘
TEST_1497,데이콘
TEST_1498,데이콘
TEST_1499,데이콘
TEST_1500,데이콘
TEST_1501,데이콘
TEST_1502,데이콘
TEST_1503,데이콘
TEST_1504,데이콘
TEST_1505,데이콘
TEST_1506,데이콘
TEST_1507,데이콘
TEST_1508,데이콘
TEST_1509,데이콘
TEST_1510,데이콘
TEST_1511,데이콘
TEST_1512,데이콘
TEST_1513,데이콘
TEST_1514,데이콘
TEST_1515,데이콘
TEST_1516,데이콘
TEST_1517,데이콘
TEST_1518,데이콘
TEST_1519,데이콘
TEST_1520,데이콘
TEST_1521,데이콘
TEST_1522,데이콘
TEST_1523,데이콘
TEST_1524,데이콘
TEST_1525,데이콘
TEST_1526,데이콘
TEST_1527,데이콘
TEST_1528,데이콘
TEST_1529,데이콘
TEST_1530,데이콘
TEST_1531,데이콘
TEST_1532,데이콘
TEST_1533,데이콘
TEST_1534,데이콘
TEST_1535,데이콘
TEST_1536,데이콘
TEST_1537,데이콘
TEST_1538,데이콘
TEST_1539,데이콘
TEST_1540,데이콘
TEST_1541,데이콘
TEST_1542,데이콘
TEST_1543,데이콘
TEST_1544,데이콘
TEST_1545,데이콘
TEST_1546,데이콘
TEST_1547,데이콘
TEST_1548,데이콘
TEST_1549,데이콘
TEST_1550,데이콘
TEST_1551,데이콘
TEST_1552,데이콘
TEST_1553,데이콘
TEST_1554,데이콘
TEST_1555,데이콘
TEST_1556,데이콘
TEST_1557,데이콘
TEST_1558,데이콘
TEST_1559,데이콘
TEST_1560,데이콘
TEST_1561,데이콘
TEST_1562,데이콘
TEST_1563,데이콘
TEST_1564,데이콘
TEST_1565,데이콘
TEST_1566,데이콘
TEST_1567,데이콘
TEST_1568,데이콘
TEST_1569,데이콘
TEST_1570,데이콘
TEST_1571,데이콘
TEST_1572,데이콘
TEST_1573,데이콘
TEST_1574,데이콘
TEST_1575,데이콘
TEST_1576,데이콘
TEST_1577,데이콘
TEST_1578,데이콘
TEST_1579,데이콘
TEST_1580,데이콘
TEST_1581,데이콘
TEST_1582,데이콘
TEST_1583,데이콘
TEST_1584,데이콘
TEST_1585,데이콘
TEST_1586,데이콘
TEST_1587,데이콘
TEST_1588,데이콘
TEST_1589,데이콘
TEST_1590,데이콘
TEST_1591,데이콘
TEST_1592,데이콘
TEST_1593,데이콘
TEST_1594,데이콘
TEST_1595,데이콘
TEST_1596,데이콘
TEST_1597,데이콘
TEST_1598,데이콘
TEST_1599,데이콘
TEST_1600,데이콘
TEST_1601,데이콘
TEST_1602,데이콘
TEST_1603,데이콘
TEST_1604,데이콘
TEST_1605,데이콘
TEST_1606,데이콘
TEST_1607,데이콘
TEST_1608,데이콘
TEST_1609,데이콘
TEST_1610,데이콘
TEST_1611,데이콘
TEST_1612,데이콘
TEST_1613,데이콘
TEST_1614,데이콘
TEST_1615,데이콘
TEST_1616,데이콘
TEST_1617,데이콘
TEST_1618,데이콘
TEST_1619,데이콘
TEST_1620,데이콘
TEST_1621,데이콘
TEST_1622,데이콘
TEST_1623,데이콘
TEST_1624,데이콘
TEST_1625,데이콘
TEST_1626,데이콘
TEST_1627,데이콘
TEST_1628,데이콘
TEST_1629,데이콘
TEST_1630,데이콘
TEST_1631,데이콘
TEST_1632,데이콘
TEST_1633,데이콘
TEST_1634,데이콘
TEST_1635,데이콘
TEST_1636,데이콘
TEST_1637,데이콘
TEST_1638,데이콘
TEST_1639,데이콘
TEST_1640,데이콘
TEST_1641,데이콘
TEST_1642,데이콘
TEST_1643,데이콘
TEST_1644,데이콘
TEST_1645,데이콘
TEST_1646,데이콘
TEST_1647,데이콘
TEST_1648,데이콘
TEST_1649,데이콘
TEST_1650,데이콘
TEST_1651,데이콘
TEST_1652,데이콘
TEST_1653,데이콘
TEST_1654,데이콘
TEST_1655,데이콘
TEST_1656,데이콘
TEST_1657,데이콘
TEST_1658,데이콘
TEST_1659,데이콘
TEST_1660,데이콘
TEST_1661,데이콘
TEST_1662,데이콘
TEST_1663,데이콘
TEST_1664,데이콘
TEST_1665,데이콘
TEST_1666,데이콘
TEST_1667,데이콘
TEST_1668,데이콘
TEST_1669,데이콘
TEST_1670,데이콘
TEST_1671,데이콘
TEST_1672,데이콘
TEST_1673,데이콘
TEST_1674,데이콘
TEST_1675,데이콘
TEST_1676,데이콘
TEST_1677,데이콘
TEST_1678,데이콘
TEST_1679,데이콘
TEST_1680,데이콘
TEST_1681,데이콘
TEST_1682,데이콘
TEST_1683,데이콘
TEST_1684,데이콘
TEST_1685,데이콘
TEST_1686,데이콘
TEST_1687,데이콘
TEST_1688,데이콘
